{
  "timestamp": "2025-10-24T16:27:29.802068",
  "gift_price": 25844.5,
  "nifty_price": 25795.15,
  "gap_points": 49.349999999998545,
  "gap_percent": 0.19131503402770886,
  "signal": "FLAT_OPEN - No gap trade"
}