{
  "timestamp": "2025-10-15T15:33:28.120511",
  "gift_price": 25426.5,
  "nifty_price": 25323.55,
  "gap_points": 102.95000000000073,
  "gap_percent": 0.40653857772705926,
  "signal": "GAP_UP - Watch for fade"
}