{
  "timestamp": "2025-10-16T15:33:06.566278",
  "gift_price": 25660,
  "nifty_price": 25585.3,
  "gap_points": 74.70000000000073,
  "gap_percent": 0.2919645265054571,
  "signal": "FLAT_OPEN - No gap trade"
}