{
  "timestamp": "2025-10-27T15:44:15.608527",
  "gift_price": 26016,
  "nifty_price": 25966.05,
  "gap_points": 49.95000000000073,
  "gap_percent": 0.19236657096478182,
  "signal": "FLAT_OPEN - No gap trade"
}