{
  "timestamp": "2025-10-28T15:34:45.995979",
  "gift_price": 25916,
  "nifty_price": 25936.2,
  "gap_points": -20.200000000000728,
  "gap_percent": -0.07788342162691808,
  "signal": "FLAT_OPEN - No gap trade"
}