{
  "timestamp": "2025-10-29T11:09:14.702120",
  "gift_price": 26209.5,
  "nifty_price": 26031.15,
  "gap_points": 178.34999999999854,
  "gap_percent": 0.6851406872151193,
  "signal": "GAP_UP - Watch for fade"
}