{
  "timestamp": "2025-10-23T15:36:26.385529",
  "gift_price": 25971.5,
  "nifty_price": 25891.4,
  "gap_points": 80.09999999999854,
  "gap_percent": 0.3093691341526474,
  "signal": "GAP_UP - Watch for fade"
}