{
  "timestamp": "2025-10-31T11:20:22.498180",
  "gift_price": 25929.5,
  "nifty_price": 25787.8,
  "gap_points": 141.70000000000073,
  "gap_percent": 0.5494846400235799,
  "signal": "GAP_UP - Watch for fade"
}