{
  "timestamp": "2025-10-17T15:34:54.597656",
  "gift_price": 25767.5,
  "nifty_price": 25709.85,
  "gap_points": 57.650000000001455,
  "gap_percent": 0.2242331246584537,
  "signal": "FLAT_OPEN - No gap trade"
}