{
  "timestamp": "2025-10-20T15:34:11.004987",
  "gift_price": 25926.5,
  "nifty_price": 25843.15,
  "gap_points": 83.34999999999854,
  "gap_percent": 0.32252260270129046,
  "signal": "GAP_UP - Watch for fade"
}